<Students des="这是一个学生的xml文件">
    <Stu a="这是一个好学生">
        <name>xiaoA</name>
        <age>18</age>
        <address>beijing</address>
    </Stu>
    <Stu b="学习一般般">
        <name>xiaoB</name>
        <age>19</age>
        <address>shanghai</address>
    </Stu>
    <Stu>
        <name>xiaoC</name>
        <age>20</age>
        <address>guangzhou</address>
    </Stu>
    <Stu>
        <name>xiaoD</name>
        <age>21</age>
        <address>shenzhen</address>
 
    </Stu>
    <Stu>
        <name>xiaoE</name>
        <age>22</age>
        <address>chengdu</address>
    </Stu>
</Students>